{
  "workspaces": {
    "802.3bw ": {
      "main": {
        "id": "88792ec6f5e4ae31",
        "type": "split",
        "children": [
          {
            "id": "c150b4803f4cb72e",
            "type": "tabs",
            "dimension": 58.25991189427313,
            "children": [
              {
                "id": "c7b4a2aacad2b610",
                "type": "leaf",
                "state": {
                  "type": "mindmapview",
                  "state": {
                    "file": "B-项目/B08-车载以太网/802.3.bw-annot.md"
                  }
                }
              }
            ]
          },
          {
            "id": "9c48e204f86fb8d5",
            "type": "tabs",
            "dimension": 41.740088105726876,
            "children": [
              {
                "id": "2f9f4450794328d3",
                "type": "leaf",
                "state": {
                  "type": "markdown",
                  "state": {
                    "file": "B-项目/B08-车载以太网/802.3.bw 协议阅读.md",
                    "mode": "source",
                    "source": false
                  }
                }
              },
              {
                "id": "cbae2b4a1da193b1",
                "type": "leaf",
                "state": {
                  "type": "markdown",
                  "state": {
                    "file": "B-项目/B08-车载以太网/802.3.bw phy.md",
                    "mode": "source",
                    "source": false
                  }
                }
              }
            ],
            "currentTab": 1
          }
        ],
        "direction": "vertical"
      },
      "left": {
        "id": "2c69d31c3c992e49",
        "type": "split",
        "children": [
          {
            "id": "0a98df08220dff33",
            "type": "tabs",
            "children": [
              {
                "id": "dc49f1adcb0ae71f",
                "type": "leaf",
                "state": {
                  "type": "search",
                  "state": {
                    "query": "",
                    "matchingCase": false,
                    "explainSearch": false,
                    "collapseAll": false,
                    "extraContext": false,
                    "sortOrder": "alphabetical"
                  }
                }
              },
              {
                "id": "32aea324e3116bf4",
                "type": "leaf",
                "state": {
                  "type": "starred",
                  "state": {}
                }
              },
              {
                "id": "6f59ef18ad6cab1b",
                "type": "leaf",
                "state": {
                  "type": "file-explorer",
                  "state": {
                    "sortOrder": "alphabetical"
                  }
                }
              },
              {
                "id": "d6f302a187f89cb8",
                "type": "leaf",
                "state": {
                  "type": "book-explorer-view",
                  "state": {}
                }
              },
              {
                "id": "6a614a09bfae6e4b",
                "type": "leaf",
                "state": {
                  "type": "bookmarks",
                  "state": {}
                }
              }
            ],
            "currentTab": 2
          }
        ],
        "direction": "horizontal",
        "width": 311,
        "collapsed": true
      },
      "right": {
        "id": "d830d199dbed15f7",
        "type": "split",
        "children": [
          {
            "id": "8596500c895be870",
            "type": "tabs",
            "children": [
              {
                "id": "aed07ddf381b8e28",
                "type": "leaf",
                "state": {
                  "type": "outgoing-link",
                  "state": {
                    "file": "B-项目/B08-车载以太网/802.3.bw phy.md",
                    "linksCollapsed": false,
                    "unlinkedCollapsed": true
                  }
                }
              },
              {
                "id": "58a65398c0067482",
                "type": "leaf",
                "state": {
                  "type": "tag",
                  "state": {
                    "sortOrder": "frequency",
                    "useHierarchy": true
                  }
                }
              },
              {
                "id": "01d38fd73736bc77",
                "type": "leaf",
                "state": {
                  "type": "outline",
                  "state": {
                    "file": "B-项目/B08-车载以太网/802.3.bw phy.md"
                  }
                }
              },
              {
                "id": "4f5752591749bbf9",
                "type": "leaf",
                "state": {
                  "type": "advanced-tables-toolbar",
                  "state": {}
                }
              },
              {
                "id": "b7605f676edb7e93",
                "type": "leaf",
                "state": {
                  "type": "calendar",
                  "state": {}
                }
              },
              {
                "id": "0239f628abc0bf67",
                "type": "leaf",
                "state": {
                  "type": "todo",
                  "state": {}
                }
              },
              {
                "id": "25e02a731c965c85",
                "type": "leaf",
                "state": {
                  "type": "backlink",
                  "state": {
                    "file": "B-项目/B08-车载以太网/802.3.bw phy.md",
                    "collapseAll": false,
                    "extraContext": false,
                    "sortOrder": "alphabetical",
                    "showSearch": false,
                    "searchQuery": "",
                    "backlinkCollapsed": false,
                    "unlinkedCollapsed": true
                  }
                }
              }
            ],
            "currentTab": 2
          }
        ],
        "direction": "horizontal",
        "width": 604,
        "collapsed": true
      },
      "left-ribbon": {
        "hiddenItems": {
          "table-editor-obsidian:Advanced Tables Toolbar": false,
          "obsidian-custom-frames:Open Notion": false,
          "obsidian-custom-frames:Open shanbei": false,
          "obsidian-excalidraw-plugin:新建 Excalidraw 绘图": false,
          "notion-like-tables:Create Notion-Like table": false,
          "templater-obsidian:Templater": false,
          "switcher:打开快速切换": false,
          "graph:查看关系图谱": false,
          "canvas:新建白板": false,
          "daily-notes:打开/创建今天的日记": false,
          "templates:插入模板": false,
          "command-palette:打开命令面板": false,
          "zk-prefixer:创建时间戳笔记": false,
          "workspaces:管理工作区布局": false,
          "webpage-html-export:Export Vault to HTML": false
        }
      },
      "active": "cbae2b4a1da193b1",
      "workspaces-plus:settings-v1": {
        "explorerFoldState": [
          "B-项目",
          "B-项目/B07-EasonOoO",
          "B-项目/B08-车载以太网",
          "D-图书馆",
          "D-图书馆/DD0-Books",
          "D-图书馆/DDD-读书笔记",
          "D-图书馆/DDD-读书笔记/RISCV_Mannual",
          "D-图书馆/DDD-读书笔记/RISCV_Mannual/riscv_spec解读",
          "D-图书馆/DDD-读书笔记/计算机体系结构量化研究方法",
          "D-图书馆/DDD-读书笔记/超标量处理器设计",
          "F-数字IC",
          "F-数字IC/RISCV"
        ]
      }
    },
    "proteus": {
      "main": {
        "id": "88792ec6f5e4ae31",
        "type": "split",
        "children": [
          {
            "id": "439326207c894201",
            "type": "tabs",
            "dimension": 56.05726872246696,
            "children": [
              {
                "id": "b1996dd0635d2d5b",
                "type": "leaf",
                "state": {
                  "type": "markdown",
                  "state": {
                    "file": "B-项目/B07-EasonOoO/proteus.md",
                    "mode": "source",
                    "source": false
                  }
                }
              },
              {
                "id": "2f9f4450794328d3",
                "type": "leaf",
                "state": {
                  "type": "markdown",
                  "state": {
                    "file": "D-图书馆/DDD-读书笔记/计算机体系结构量化研究方法/量化研究方法-read.md",
                    "mode": "source",
                    "source": false
                  }
                }
              }
            ],
            "currentTab": 1
          },
          {
            "id": "9c48e204f86fb8d5",
            "type": "tabs",
            "dimension": 43.94273127753304,
            "children": [
              {
                "id": "00540f17441c65fc",
                "type": "leaf",
                "state": {
                  "type": "mindmapview",
                  "state": {
                    "file": "D-图书馆/DDD-读书笔记/计算机体系结构量化研究方法/量化研究方法annotate.md"
                  }
                }
              }
            ]
          }
        ],
        "direction": "vertical"
      },
      "left": {
        "id": "2c69d31c3c992e49",
        "type": "split",
        "children": [
          {
            "id": "0a98df08220dff33",
            "type": "tabs",
            "children": [
              {
                "id": "dc49f1adcb0ae71f",
                "type": "leaf",
                "state": {
                  "type": "search",
                  "state": {
                    "query": "",
                    "matchingCase": false,
                    "explainSearch": false,
                    "collapseAll": false,
                    "extraContext": false,
                    "sortOrder": "alphabetical"
                  }
                }
              },
              {
                "id": "32aea324e3116bf4",
                "type": "leaf",
                "state": {
                  "type": "starred",
                  "state": {}
                }
              },
              {
                "id": "6f59ef18ad6cab1b",
                "type": "leaf",
                "state": {
                  "type": "file-explorer",
                  "state": {
                    "sortOrder": "alphabetical"
                  }
                }
              },
              {
                "id": "d6f302a187f89cb8",
                "type": "leaf",
                "state": {
                  "type": "book-explorer-view",
                  "state": {}
                }
              },
              {
                "id": "6a614a09bfae6e4b",
                "type": "leaf",
                "state": {
                  "type": "bookmarks",
                  "state": {}
                }
              }
            ],
            "currentTab": 2
          }
        ],
        "direction": "horizontal",
        "width": 311,
        "collapsed": true
      },
      "right": {
        "id": "d830d199dbed15f7",
        "type": "split",
        "children": [
          {
            "id": "8596500c895be870",
            "type": "tabs",
            "children": [
              {
                "id": "aed07ddf381b8e28",
                "type": "leaf",
                "state": {
                  "type": "outgoing-link",
                  "state": {
                    "file": "D-图书馆/DDD-读书笔记/计算机体系结构量化研究方法/量化研究方法-read.md",
                    "linksCollapsed": false,
                    "unlinkedCollapsed": true
                  }
                }
              },
              {
                "id": "58a65398c0067482",
                "type": "leaf",
                "state": {
                  "type": "tag",
                  "state": {
                    "sortOrder": "frequency",
                    "useHierarchy": true
                  }
                }
              },
              {
                "id": "01d38fd73736bc77",
                "type": "leaf",
                "state": {
                  "type": "outline",
                  "state": {
                    "file": "D-图书馆/DDD-读书笔记/计算机体系结构量化研究方法/量化研究方法-read.md"
                  }
                }
              },
              {
                "id": "4f5752591749bbf9",
                "type": "leaf",
                "state": {
                  "type": "advanced-tables-toolbar",
                  "state": {}
                }
              },
              {
                "id": "b7605f676edb7e93",
                "type": "leaf",
                "state": {
                  "type": "calendar",
                  "state": {}
                }
              },
              {
                "id": "0239f628abc0bf67",
                "type": "leaf",
                "state": {
                  "type": "todo",
                  "state": {}
                }
              },
              {
                "id": "25e02a731c965c85",
                "type": "leaf",
                "state": {
                  "type": "backlink",
                  "state": {
                    "file": "D-图书馆/DDD-读书笔记/计算机体系结构量化研究方法/量化研究方法-read.md",
                    "collapseAll": false,
                    "extraContext": false,
                    "sortOrder": "alphabetical",
                    "showSearch": false,
                    "searchQuery": "",
                    "backlinkCollapsed": false,
                    "unlinkedCollapsed": true
                  }
                }
              }
            ],
            "currentTab": 2
          }
        ],
        "direction": "horizontal",
        "width": 604,
        "collapsed": true
      },
      "left-ribbon": {
        "hiddenItems": {
          "table-editor-obsidian:Advanced Tables Toolbar": false,
          "obsidian-custom-frames:Open Notion": false,
          "obsidian-custom-frames:Open shanbei": false,
          "obsidian-excalidraw-plugin:新建 Excalidraw 绘图": false,
          "notion-like-tables:Create Notion-Like table": false,
          "templater-obsidian:Templater": false,
          "switcher:打开快速切换": false,
          "graph:查看关系图谱": false,
          "canvas:新建白板": false,
          "daily-notes:打开/创建今天的日记": false,
          "templates:插入模板": false,
          "command-palette:打开命令面板": false,
          "zk-prefixer:创建时间戳笔记": false,
          "workspaces:管理工作区布局": false,
          "webpage-html-export:Export Vault to HTML": false
        }
      },
      "active": "2f9f4450794328d3",
      "workspaces-plus:settings-v1": {
        "explorerFoldState": [
          "B-项目",
          "B-项目/B07-EasonOoO",
          "B-项目/B08-车载以太网",
          "D-图书馆",
          "D-图书馆/DD0-Books",
          "D-图书馆/DDD-读书笔记",
          "D-图书馆/DDD-读书笔记/RISCV_Mannual",
          "D-图书馆/DDD-读书笔记/RISCV_Mannual/riscv_spec解读",
          "D-图书馆/DDD-读书笔记/计算机体系结构量化研究方法",
          "D-图书馆/DDD-读书笔记/超标量处理器设计",
          "F-数字IC",
          "F-数字IC/RISCV"
        ]
      }
    }
  },
  "active": "proteus"
}