{
  "main": {
    "id": "88792ec6f5e4ae31",
    "type": "split",
    "children": [
      {
        "id": "0605ae63983f3594",
        "type": "tabs",
        "children": [
          {
            "id": "e8bae6960ff4ab89",
            "type": "leaf",
            "state": {
              "type": "diagram-edit",
              "state": {
                "file": "B-项目/B01-KWS/tenet.svg"
              }
            }
          },
          {
            "id": "2157e3c13ca82dce",
            "type": "leaf",
            "state": {
              "type": "markdown",
              "state": {
                "file": "D-图书馆/DDD-读书笔记/RISCV_Mannual/riscv_spec解读/riscv-isa-read.md",
                "mode": "source",
                "source": false
              }
            }
          },
          {
            "id": "ac5cc41bfac00878",
            "type": "leaf",
            "state": {
              "type": "mindmapview",
              "state": {
                "file": "D-图书馆/DDD-读书笔记/RISCV_Mannual/riscv_spec解读/annotate/risc_spec.md"
              }
            }
          },
          {
            "id": "38a40ccbbb43f271",
            "type": "leaf",
            "state": {
              "type": "excalidraw",
              "state": {
                "file": "Excalidraw/Drawing 2023-01-04 11.38.08.excalidraw.md"
              }
            }
          },
          {
            "id": "2568a1703174a95e",
            "type": "leaf",
            "state": {
              "type": "markdown",
              "state": {
                "file": "B-项目/B01-KWS/tiny_vector_core.md",
                "mode": "source",
                "source": false
              }
            }
          },
          {
            "id": "b207dc418294cff5",
            "type": "leaf",
            "state": {
              "type": "diagram-edit",
              "state": {
                "file": "B-项目/B01-KWS/tiny_vector.svg"
              }
            }
          }
        ]
      }
    ],
    "direction": "vertical"
  },
  "left": {
    "id": "2c69d31c3c992e49",
    "type": "split",
    "children": [
      {
        "id": "0a98df08220dff33",
        "type": "tabs",
        "children": [
          {
            "id": "dc49f1adcb0ae71f",
            "type": "leaf",
            "state": {
              "type": "search",
              "state": {
                "query": "RVV",
                "matchingCase": false,
                "explainSearch": false,
                "collapseAll": false,
                "extraContext": false,
                "sortOrder": "alphabetical"
              }
            }
          },
          {
            "id": "32aea324e3116bf4",
            "type": "leaf",
            "state": {
              "type": "starred",
              "state": {}
            }
          },
          {
            "id": "6f59ef18ad6cab1b",
            "type": "leaf",
            "state": {
              "type": "file-explorer",
              "state": {
                "sortOrder": "alphabetical"
              }
            }
          }
        ],
        "currentTab": 2
      }
    ],
    "direction": "horizontal",
    "width": 359.5
  },
  "right": {
    "id": "d830d199dbed15f7",
    "type": "split",
    "children": [
      {
        "id": "8596500c895be870",
        "type": "tabs",
        "children": [
          {
            "id": "aed07ddf381b8e28",
            "type": "leaf",
            "state": {
              "type": "outgoing-link",
              "state": {
                "file": "B-项目/B01-KWS/tenet.svg",
                "linksCollapsed": false,
                "unlinkedCollapsed": true
              }
            }
          },
          {
            "id": "58a65398c0067482",
            "type": "leaf",
            "state": {
              "type": "tag",
              "state": {
                "sortOrder": "frequency",
                "useHierarchy": true
              }
            }
          },
          {
            "id": "01d38fd73736bc77",
            "type": "leaf",
            "state": {
              "type": "outline",
              "state": {
                "file": "B-项目/B01-KWS/tenet.svg"
              }
            }
          },
          {
            "id": "4f5752591749bbf9",
            "type": "leaf",
            "state": {
              "type": "advanced-tables-toolbar",
              "state": {}
            }
          },
          {
            "id": "25e02a731c965c85",
            "type": "leaf",
            "state": {
              "type": "backlink",
              "state": {
                "file": "B-项目/B01-KWS/tenet.svg",
                "collapseAll": false,
                "extraContext": false,
                "sortOrder": "alphabetical",
                "showSearch": false,
                "searchQuery": "",
                "backlinkCollapsed": false,
                "unlinkedCollapsed": true
              }
            }
          },
          {
            "id": "91f48effeff6b492",
            "type": "leaf",
            "state": {
              "type": "calendar",
              "state": {}
            }
          },
          {
            "id": "93eb2e09bce0d7ef",
            "type": "leaf",
            "state": {
              "type": "todo",
              "state": {}
            }
          }
        ],
        "currentTab": 2
      }
    ],
    "direction": "horizontal",
    "width": 390.5,
    "collapsed": true
  },
  "left-ribbon": {
    "hiddenItems": {
      "canvas:新建白板": false,
      "switcher:打开快速切换": false,
      "graph:查看关系图谱": false,
      "daily-notes:打开/创建今天的日记": false,
      "templates:插入模板": false,
      "command-palette:打开命令面板": false,
      "zk-prefixer:创建时间戳笔记": false,
      "workspaces:管理工作区布局": false,
      "table-editor-obsidian:Advanced Tables Toolbar": false,
      "open-vscode:VSCode": false,
      "templater-obsidian:Templater": false,
      "obsidian-custom-frames:Open Notion": false,
      "obsidian-custom-frames:Open shanbei": false,
      "obsidian-excalidraw-plugin:新建 Excalidraw 绘图": false
    }
  },
  "active": "e8bae6960ff4ab89",
  "lastOpenFiles": [
    "B-项目/B01-KWS/tiny_vector_core.md",
    "B-项目/B01-KWS/tiny_vector.svg",
    "B-项目/B01-KWS/tenet.svg",
    "Excalidraw/Drawing 2023-01-04 11.38.08.excalidraw.md",
    "D-图书馆/DDD-读书笔记/RISCV_Mannual/riscv_spec解读/riscv-isa-read.md",
    "D-图书馆/DDD-读书笔记/RISCV_Mannual/riscv_spec解读/annotate/risc_spec.md",
    "A-InBox/2022-08-23.md",
    "F-数字IC/RISCV/RVV.md",
    "E-软件使用/synopsis/license.md",
    "B-项目/B06-RISCV-Vector/inhouse-riscv.svg",
    "B-项目/B06-RISCV-Vector/Untitled-1.drawio",
    "B-项目/B06-RISCV-Vector/Ubuntu RV环境搭建.md",
    "B-项目/B06-RISCV-Vector/Inhouse_rv_system.svg",
    "D-图书馆/DDD-读书笔记/RISCV_Mannual/riscv_spec解读/RISCV-V-1.0向量扩展指令集学习.md",
    "E-软件使用/E-软件使用.md",
    "E-软件使用/VCS/VCS 常见编译错误.md",
    "E-软件使用/VCS/VCS编译选项.md",
    "E-软件使用/synopsis/Ubuntu 20.04 安装Synopsys EDA 工具.md",
    "E-软件使用/E-软件使用-NSConflict5916-flappy_lyc-linux5.19.0-32-generic.md",
    "E-软件使用/E-软件使用-冲突8643-flappy_lyc_Win10.md",
    "E-软件使用/E-软件使用-NSConflict2933-flappy_lyc-linux5.19.0-32-generic.md",
    "E-软件使用/E-软件使用-冲突3653-flappy_lyc_Win10.md",
    "E-软件使用/E-软件使用-NSConflict5017-flappy_lyc-linux5.19.0-32-generic.md",
    "E-软件使用/E-软件使用-冲突-flappy_lyc_Win10.md",
    "E-软件使用/E-软件使用-NSConflict-flappy_lyc-linux5.19.0-32-generic.md",
    "E-软件使用/synopsis/Ubuntu 20.04 安装Synopsys EDA 工具-冲突-flappy_lyc_Win10.md",
    "C-折腾/NUC/生产环境.md",
    "A-InBox/计划.md",
    "E-软件使用/synopsis/未命名.md",
    "F-数字IC/F-数字IC.md",
    "E-软件使用/Git",
    "B-项目/B06-RISCV-Vector/inhouse_riscv_whole.png"
  ]
}