{
  "main": {
    "id": "88792ec6f5e4ae31",
    "type": "split",
    "children": [
      {
        "id": "350b2c718fcdd169",
        "type": "tabs",
        "children": [
          {
            "id": "966c83404e259aa9",
            "type": "leaf",
            "state": {
              "type": "markdown",
              "state": {
                "file": "B-项目/B07-EasonOoO/proteus.md",
                "mode": "source",
                "source": false
              }
            }
          },
          {
            "id": "2b09601543c33571",
            "type": "leaf",
            "state": {
              "type": "canvas",
              "state": {
                "file": "F-数字IC/RISCV/资源汇总.canvas",
                "viewState": {
                  "x": 129.5,
                  "y": 1387.5,
                  "zoom": 0
                }
              }
            }
          },
          {
            "id": "d565802af64b71f1",
            "type": "leaf",
            "state": {
              "type": "mindmapview",
              "state": {
                "file": "D-图书馆/DDD-读书笔记/计算机体系结构量化研究方法/量化研究方法annotate.md"
              }
            }
          }
        ]
      }
    ],
    "direction": "vertical"
  },
  "left": {
    "id": "2c69d31c3c992e49",
    "type": "split",
    "children": [
      {
        "id": "0a98df08220dff33",
        "type": "tabs",
        "children": [
          {
            "id": "dc49f1adcb0ae71f",
            "type": "leaf",
            "state": {
              "type": "search",
              "state": {
                "query": "",
                "matchingCase": false,
                "explainSearch": false,
                "collapseAll": false,
                "extraContext": false,
                "sortOrder": "alphabetical"
              }
            }
          },
          {
            "id": "32aea324e3116bf4",
            "type": "leaf",
            "state": {
              "type": "starred",
              "state": {}
            }
          },
          {
            "id": "9795e74a930ea4c3",
            "type": "leaf",
            "state": {
              "type": "file-explorer",
              "state": {
                "sortOrder": "alphabetical"
              }
            }
          },
          {
            "id": "55f8d2214ac8b0e7",
            "type": "leaf",
            "state": {
              "type": "bookmarks",
              "state": {}
            }
          }
        ],
        "currentTab": 2
      }
    ],
    "direction": "horizontal",
    "width": 396.5
  },
  "right": {
    "id": "d830d199dbed15f7",
    "type": "split",
    "children": [
      {
        "id": "8596500c895be870",
        "type": "tabs",
        "children": [
          {
            "id": "aed07ddf381b8e28",
            "type": "leaf",
            "state": {
              "type": "outgoing-link",
              "state": {
                "file": "B-项目/B07-EasonOoO/proteus.md",
                "linksCollapsed": false,
                "unlinkedCollapsed": true
              }
            }
          },
          {
            "id": "58a65398c0067482",
            "type": "leaf",
            "state": {
              "type": "tag",
              "state": {
                "sortOrder": "frequency",
                "useHierarchy": true
              }
            }
          },
          {
            "id": "01d38fd73736bc77",
            "type": "leaf",
            "state": {
              "type": "outline",
              "state": {
                "file": "B-项目/B07-EasonOoO/proteus.md"
              }
            }
          },
          {
            "id": "4f5752591749bbf9",
            "type": "leaf",
            "state": {
              "type": "advanced-tables-toolbar",
              "state": {}
            }
          },
          {
            "id": "25e02a731c965c85",
            "type": "leaf",
            "state": {
              "type": "backlink",
              "state": {
                "file": "B-项目/B07-EasonOoO/proteus.md",
                "collapseAll": false,
                "extraContext": false,
                "sortOrder": "alphabetical",
                "showSearch": false,
                "searchQuery": "",
                "backlinkCollapsed": false,
                "unlinkedCollapsed": true
              }
            }
          },
          {
            "id": "91f48effeff6b492",
            "type": "leaf",
            "state": {
              "type": "calendar",
              "state": {}
            }
          },
          {
            "id": "93eb2e09bce0d7ef",
            "type": "leaf",
            "state": {
              "type": "todo",
              "state": {}
            }
          }
        ],
        "currentTab": 2
      }
    ],
    "direction": "horizontal",
    "width": 285.5,
    "collapsed": true
  },
  "left-ribbon": {
    "hiddenItems": {
      "table-editor-obsidian:Advanced Tables Toolbar": false,
      "obsidian-custom-frames:Open Notion": false,
      "obsidian-custom-frames:Open shanbei": false,
      "notion-like-tables:Create Notion-Like table": false,
      "templater-obsidian:Templater": false,
      "switcher:打开快速切换": false,
      "graph:查看关系图谱": false,
      "canvas:新建白板": false,
      "daily-notes:打开/创建今天的日记": false,
      "templates:插入模板": false,
      "command-palette:打开命令面板": false,
      "zk-prefixer:创建时间戳笔记": false,
      "workspaces:管理工作区布局": false,
      "obsidian-excalidraw-plugin:新建 Excalidraw 绘图": false,
      "webpage-html-export:Export Vault to HTML": false
    }
  },
  "active": "966c83404e259aa9",
  "lastOpenFiles": [
    "Z-Attachs/_images/11ba94a74d4d130a7edd066918075ce.jpg",
    "Z-Attachs/_images/9b300437dc353200248d891972fd650.jpg",
    "Z-Attachs/_images/dfb90d7b51d15c273d83133b0173aec.jpg",
    "Z-Attachs/_images/8d2097656059f6ea3c0c30833ad59cb.jpg",
    "Z-Attachs/_images/9a89a650b7aba0441bef05c873fd5b4.jpg",
    "Z-Attachs/_images/f982a156e8560b680e863fc342f0fad.jpg",
    "Z-Attachs/_images/f1003fb9e8a0b4fe1724642635a0018.jpg",
    "Z-Attachs/_images/08d321170bf14a03738a8de9e4f498d.jpg",
    "Z-Attachs/_images/75fddc9ff5108e91bb31124714bd620.jpg",
    "Z-Attachs/_images/7eefa0df6395c22f3a20a90a9784626.jpg",
    "Z-Attachs/_images/c690fbcd17fda2341d33625ba8c9160.jpg",
    "B-项目/B07-EasonOoO/proteus.md",
    "D-图书馆/DDD-读书笔记/计算机体系结构量化研究方法/量化研究方法annotate.md",
    "F-数字IC/RISCV/资源汇总.canvas",
    "F-数字IC/Verilog/Verilog.md",
    "F-数字IC/Tools/IC Tools.md",
    "F-数字IC/RISCV/RVV/RVV.md",
    "F-数字IC/RISCV/RVV/ara 源码.md",
    "F-数字IC/RISCV/资源汇总.md",
    "F-数字IC/RISCV/Ubuntu RV环境搭建.md",
    "F-数字IC/RISCV/未命名看板.md",
    "D-图书馆/DD0-Books/D03-Protocol/AMBA/IHI0024E_amba_apb_architecture_spec.pdf",
    "F-数字IC/SystemVerilog/SV_skills.md",
    "D-图书馆/DD0-Books/D02-Spec_read/RISCV/RISC-V_VeeR_EH1_PRM (1).pdf",
    "D-图书馆/DD0-Books/D02-Spec_read/RISCV/Unconfirmed 938652.crdownload",
    "F-数字IC/RISCV/RV汇编.md",
    "F-数字IC/DSL/PyMTL3/PyMTL3 网络资源.md",
    "F-数字IC/F-数字IC.md",
    "D-图书馆/DD0-Books/D03-Protocol/AMBA/IHI0033C_amba_ahb_protocol_spec.pdf",
    "B-项目/B07-EasonOoO/Untitled Diagram 1.svg.md",
    "G-算法IT/Scala/Scala核心编程/第15章 样例类和模式匹配.md",
    "G-算法IT/Scala/scala常用.md",
    "E-软件使用/Simvision/simvision 常用.md",
    "G-算法IT/G-算法IT.md",
    "E-软件使用/E-软件使用.md",
    "B-项目/B-项目.md",
    "F-数字IC/NPU/资源汇总.md",
    "D-图书馆/D-图书馆.md",
    "F-数字IC/ARM/资源.md",
    "F-数字IC/NPU",
    "F-数字IC/RISCV/RISCV中的非对齐访问.md",
    "D-图书馆/DD0-Books/D03-Protocol/AMBA/AMBA总线规范_V2.0 - kongsuo.pdf",
    "F-数字IC/总线/AMBA/AHB的一些细节.md",
    "F-数字IC/ARM",
    "D-图书馆/DD0-Books/D02-Spec_read/RISCV/riscv-plic-1.0.0.pdf",
    "D-图书馆/DDD-读书笔记/AMBA_read",
    "D-图书馆/DD0-Books/D02-Spec_read/RISCV",
    "未命名.canvas"
  ]
}